<?xml version="1.0" encoding="UTF-8"?>
<beans xmlns="http://www.springframework.org/schema/beans"
	xmlns:context="http://www.springframework.org/schema/context"
	xmlns:xsi="http://www.w3.org/2001/XMLSchema-instance"
	xsi:schemaLocation="
 http://www.springframework.org/schema/beans
 http://www.springframework.org/schema/beans/spring-beans.xsd
 http://www.springframework.org/schema/context
 http://www.springframework.org/schema/context/spring-context.xsd">
 
 <bean id="residentialAddress" class="com.capgemini.trg.model.Address">
 <constructor-arg index="0" value="3-4-5"/>
 <constructor-arg index="1" value="Gandhi street"/>
 <constructor-arg index="2" value="Chennai"/>
 <constructor-arg index="3" value="600023"/>
 </bean>
 <bean id="permanentAddress" class="com.capgemini.trg.model.Address">
 <property name="houseNumber" value="5/6/7" />
  <property name="street" value="XYZ street" />
  <property name="city" value="Madurai" />
  <property name="zipcode" value="600049" />
  </bean>
  <bean id="personBean" class="com.capgemini.trg.model.Person" autowire="byName" >
  <property name="adharCardNumber" value="875421369012"/>
   <property name="name" value="Nivedha"/>
     
  </bean>
 </beans>